<?xml version="1.0"?>
<doc>
    <assembly>
        <name>InventoryManagementSystem</name>
    </assembly>
    <members>
        <member name="T:InventoryManagementSystem.components.Disk">
            <summary>
            Klasse für die Entität 'Festplatte'
            </summary>
        </member>
        <member name="T:InventoryManagementSystem.components.DiskGraphicalObject">
            <summary>
            Ein grafisches Objekt der Entität 'Festplatte' zur Anzeige der Informationen auf
            der Benutzeroberfläche.
            </summary>
        </member>
        <member name="M:InventoryManagementSystem.components.DiskGraphicalObject.MapFromEntity(InventoryManagementSystem.components.Disk)">
            <summary>
            Wandelt ein Objekt der Entität 'Festplatte' in eine grafisches Objekt.
            Übersetzt englische Begriffe und zählt alle Schnittstellen in einer Liste auf.
            </summary>
            <param name="entity">Objekt vom Typ 'Festplatte'</param>
        </member>
        <member name="T:InventoryManagementSystem.components.GraphicCard">
            <summary>
            Klasse für die Entität 'Grafikkarte'
            </summary>
        </member>
        <member name="T:InventoryManagementSystem.components.GraphicCardGraphicalObject">
            <summary>
            Ein grafisches Objekt der Entität 'Grafikkarte' zur Anzeige der Informationen auf
            der Benutzeroberfläche.
            </summary>
        </member>
        <member name="M:InventoryManagementSystem.components.GraphicCardGraphicalObject.MapFromEntity(InventoryManagementSystem.components.GraphicCard)">
            <summary>
            Wandelt ein Objekt der Entität 'Grafikkarte' in eine grafisches Objekt.
            Übersetzt englische Begriffe und zählt alle Schnittstellen in einer Liste auf.
            </summary>
            <param name="entity">Objekt vom Typ 'Grafikkarte'</param>
        </member>
        <member name="T:InventoryManagementSystem.components.Monitor">
            <summary>
            Klasse für die Entität 'Monitor'
            </summary>
        </member>
        <member name="T:InventoryManagementSystem.components.MonitorGraphicalObject">
            <summary>
            Ein grafisches Objekt der Entität 'Monitor' zur Anzeige der Informationen auf
            der Benutzeroberfläche.
            </summary>
        </member>
        <member name="M:InventoryManagementSystem.components.MonitorGraphicalObject.MapFromEntity(InventoryManagementSystem.components.Monitor)">
            <summary>
            Wandelt ein Objekt der Entität 'Monitor' in eine grafisches Objekt.
            Übersetzt englische Begriffe und zählt alle Schnittstellen in einer Liste auf.
            </summary>
            <param name="entity">Objekt vom Typ 'Monitor'</param>
        </member>
        <member name="T:InventoryManagementSystem.components.Motherboard">
            <summary>
            Klasse für die Entität 'Hauptplatine'
            </summary>
        </member>
        <member name="T:InventoryManagementSystem.components.MotherboardGraphicalObject">
            <summary>
            Ein grafisches Objekt der Entität 'Hauptplatine' zur Anzeige der Informationen auf
            der Benutzeroberfläche.
            </summary>
        </member>
        <member name="M:InventoryManagementSystem.components.MotherboardGraphicalObject.MapFromEntity(InventoryManagementSystem.components.Motherboard)">
            <summary>
            Wandelt ein Objekt der Entität 'Hauptplatine' in eine grafisches Objekt.
            Übersetzt englische Begriffe und zählt alle Schnittstellen in einer Liste auf.
            </summary>
            <param name="entity">Objekt vom Typ 'Hauptplatine'</param>
        </member>
        <member name="T:InventoryManagementSystem.components.PhysicalInterface">
            <summary>
            Klasse für die Entität 'Schnittstelle'
            </summary>
        </member>
        <member name="T:InventoryManagementSystem.components.PhysicalInterfaceGraphicalObject">
            <summary>
            Ein grafisches Objekt der Entität 'Schnittstelle' zur Anzeige der Informationen auf
            der Benutzeroberfläche.
            </summary>
        </member>
        <member name="M:InventoryManagementSystem.components.PhysicalInterfaceGraphicalObject.MapFromEntity(InventoryManagementSystem.components.PhysicalInterface)">
            <summary>
            Wandelt ein Objekt der Entität 'Schnittstelle' in eine grafisches Objekt.
            Übersetzt englische Begriffe.
            </summary>
            <param name="entity">Objekt vom Typ 'Schnittstelle'</param>
        </member>
        <member name="T:InventoryManagementSystem.components.PhysicalInterfaceWithCount">
            <summary>
            Hilfsklasse, die die Beziehung zwischen einer Schnittstelle und der Anzahl der 
            verwendeten Schnittstellen speichert.
            </summary>
        </member>
        <member name="T:InventoryManagementSystem.components.Processor">
            <summary>
            Klasse für die Entität 'Prozessor'
            </summary>
        </member>
        <member name="T:InventoryManagementSystem.components.ProcessorGraphicalObject">
            <summary>
            Ein grafisches Objekt der Entität 'Prozessor' zur Anzeige der Informationen auf
            der Benutzeroberfläche.
            </summary>
        </member>
        <member name="M:InventoryManagementSystem.components.ProcessorGraphicalObject.MapFromEntity(InventoryManagementSystem.components.Processor)">
            <summary>
            Wandelt ein Objekt der Entität 'Prozessor' in eine grafisches Objekt.
            </summary>
            <param name="entity">Objekt vom Typ 'Prozessor'</param>
        </member>
        <member name="T:InventoryManagementSystem.components.Producer">
            <summary>
            Klasse für die Entität 'Hersteller'
            </summary>
        </member>
        <member name="T:InventoryManagementSystem.components.ProducerGraphicalObject">
            <summary>
            Ein grafisches Objekt der Entität 'Hersteller' zur Anzeige der Informationen auf
            der Benutzeroberfläche.
            </summary>
        </member>
        <member name="M:InventoryManagementSystem.components.ProducerGraphicalObject.MapFromEntity(InventoryManagementSystem.components.Producer)">
            <summary>
            Wandelt ein Objekt der Entität 'Hersteller' in eine grafisches Objekt.
            </summary>
            <param name="entity">Objekt vom Typ 'Hersteller'</param>
        </member>
        <member name="T:InventoryManagementSystem.components.RandomAccessMemory">
            <summary>
            Klasse für die Entität 'Arbeitsspeicher'
            </summary>
        </member>
        <member name="T:InventoryManagementSystem.components.RandomAccessMemoryGraphicalObject">
            <summary>
            Ein grafisches Objekt der Entität 'Arbeitsspeicher' zur Anzeige der Informationen auf
            der Benutzeroberfläche.
            </summary>
        </member>
        <member name="M:InventoryManagementSystem.components.RandomAccessMemoryGraphicalObject.MapFromEntity(InventoryManagementSystem.components.RandomAccessMemory)">
            <summary>
            Wandelt ein Objekt der Entität 'Arbeitsspeicher' in eine grafisches Objekt.
            </summary>
            <param name="entity">Objekt vom Typ 'Arbeitsspeicher'</param>
        </member>
        <member name="T:InventoryManagementSystem.control.ErrorHandler">
            <summary>
            Stellt Methoden zur Anzeige von Fehlermeldungen zur Verfügung und bietet eine Auswahl von passenden
            Fehlermeldungen für verschiedene Situationen
            </summary>
        </member>
        <member name="M:InventoryManagementSystem.control.ErrorHandler.ShowErrorMessage(System.Exception,System.String)">
            <summary>
            Öffnet eine MessageBox mit der übergebenen Fehlermeldung.
            </summary>
            <param name="exception">Die Exception, welche ausgelöst wurde</param>
            <param name="message">Die Fehlermeldung, welche angezeigt wird</param>
        </member>
        <member name="M:InventoryManagementSystem.control.ErrorHandler.ShowErrorMessage(System.String,System.String)">
            <summary>
            Öffnet eine MessageBox mit dem übergebenen Titel und der Fehlermeldung
            </summary>
            <param name="title">Der Titel des Fehlers, welcher der Titel der Fehlermeldung ist</param>
            <param name="message">Die Fehlermeldung, welche angezeigt wird</param>
        </member>
        <member name="T:InventoryManagementSystem.control.GraphicalObjectMapper">
            <summary>
            Stellt eine Reihe von Methoden für das Mapping von Entitäten in ihre jeweiligen
            GraphicalObject-Klassen zur Verfügung.
            </summary>
        </member>
        <member name="M:InventoryManagementSystem.control.GraphicalObjectMapper.MapToGraphicalObject(System.Collections.Generic.List{InventoryManagementSystem.components.Disk})">
            <summary>
            Mappt eine Liste von Festplatten auf deren Anzeige-Objekte
            </summary>
            <param name="entities">Liste von Disk</param>
            <returns>Liste von DiskGraphicalObject</returns>
        </member>
        <member name="M:InventoryManagementSystem.control.GraphicalObjectMapper.MapToGraphicalObject(System.Collections.Generic.List{InventoryManagementSystem.components.GraphicCard})">
            <summary>
            Mappt eine Liste von Grafikkarten auf deren Anzeige-Objekte
            </summary>
            <param name="entities">Liste von GrapgicCard</param>
            <returns>Liste von GraphicCardGraphicalObject</returns>
        </member>
        <member name="M:InventoryManagementSystem.control.GraphicalObjectMapper.MapToGraphicalObject(System.Collections.Generic.List{InventoryManagementSystem.components.Monitor})">
            <summary>
            Mappt eine Liste von Monitoren auf deren Anzeige-Objekte
            </summary>
            <param name="entities">Liste von Monitor</param>
            <returns>Liste von MonitorGraphicalObject</returns>
        </member>
        <member name="M:InventoryManagementSystem.control.GraphicalObjectMapper.MapToGraphicalObject(System.Collections.Generic.List{InventoryManagementSystem.components.Motherboard})">
            <summary>
            Mappt eine Liste von Hauptplatinen auf deren Anzeige-Objekte
            </summary>
            <param name="entities">Liste von Motherboard</param>
            <returns>Liste von MotherboardGraphicalObject</returns>
        </member>
        <member name="M:InventoryManagementSystem.control.GraphicalObjectMapper.MapToGraphicalObject(System.Collections.Generic.List{InventoryManagementSystem.components.PhysicalInterface})">
            <summary>
            Mappt eine Liste von Schnittstellen auf deren Anzeige-Objekte
            </summary>
            <param name="entities">Liste von PhysicalInterface</param>
            <returns>Liste von PhysicalInterfaceGraphicalObject</returns>
        </member>
        <member name="M:InventoryManagementSystem.control.GraphicalObjectMapper.MapToGraphicalObject(System.Collections.Generic.List{InventoryManagementSystem.components.Processor})">
            <summary>
            Mappt eine Liste von Prozessoren auf deren Anzeige-Objekte
            </summary>
            <param name="entities">Liste von Processor</param>
            <returns>Liste von ProcessorGraphicalObject</returns>
        </member>
        <member name="M:InventoryManagementSystem.control.GraphicalObjectMapper.MapToGraphicalObject(System.Collections.Generic.List{InventoryManagementSystem.components.Producer})">
            <summary>
            Mappt eine Liste von Herstellern auf deren Anzeige-Objekte
            </summary>
            <param name="entities">Liste von Producer</param>
            <returns>Liste von ProducerGraphicalObject</returns>
        </member>
        <member name="M:InventoryManagementSystem.control.GraphicalObjectMapper.MapToGraphicalObject(System.Collections.Generic.List{InventoryManagementSystem.components.RandomAccessMemory})">
            <summary>
            Mappt eine Liste von Arbeitsspeichern auf deren Anzeige-Objekte
            </summary>
            <param name="entities">Liste von RandomAccessMemory</param>
            <returns>Liste von RandomAccessMemoryGraphicalObject</returns>
        </member>
        <member name="T:InventoryManagementSystem.control.UnitConverter">
            <summary>
            Klasse zur Umrechnung von Maßeinheiten
            </summary>
        </member>
        <member name="M:InventoryManagementSystem.control.UnitConverter.ConvertToHigher(System.Double)">
            <summary>
            Rechnet einen Wert in die nächst höhere Einheit um
            </summary>
            <param name="value">Der aktuelle Wert</param>
            <returns>Berechneter Wert der nächst höheren Einheit</returns>
        </member>
        <member name="M:InventoryManagementSystem.control.UnitConverter.ConvertToLower(System.Double)">
            <summary>
            Rechnet einen Wert in die nächst niedrigere Einheit um
            </summary>
            <param name="value">Der aktuelle Wert</param>
            <returns>Berechneter Wert der nächst niedrigeren Einheit</returns>
        </member>
        <member name="T:InventoryManagementSystem.database.basic.DatabaseBasic">
            <summary>
            Basis Klasse für Datenbank-Verbindung
            </summary>
        </member>
        <member name="M:InventoryManagementSystem.database.basic.DatabaseBasic.GetTableName">
            <summary>
            Dient als Vorgabe für abgeleitete Klassen
            </summary>
            <returns>String Tablename</returns>
        </member>
        <member name="M:InventoryManagementSystem.database.basic.DatabaseBasic.CreateConnection">
            <summary>
            Baut eine Verbindung mit der Datenbank auf, basierend auf den Konfigurationen
            </summary>
            <returns>MySqlConnection</returns>
        </member>
        <member name="M:InventoryManagementSystem.database.basic.DatabaseBasic.GetEntityById``1(System.Int32)">
            <summary>
            Liest den Datensatz der jeweiligen Entität aus der Datenbank, die der übergebenen ID
            entspricht. Durch den generischen Ansatz muss der Typ der Entität übergeben werden.
            </summary>
            <typeparam name="T">Entitätsklasse</typeparam>
            <param name="id">ID des Datensatzes</param>
            <returns>Objekt der jeweiligen Entität</returns>
        </member>
        <member name="M:InventoryManagementSystem.database.basic.DatabaseBasic.MapToEntity(MySql.Data.MySqlClient.MySqlDataReader)">
            <summary>
            Abstracte Methode für das Umwandeln in ein Objekt der jeweiligen Entität
            </summary>
            <param name="reader">Die Rückgabe der Datenbank</param>
            <returns>Objekt der Entität</returns>
        </member>
        <member name="M:InventoryManagementSystem.database.basic.DatabaseBasic.GetLastEntity``1">
            <summary>
            Liest den zuletzt gespeicherten Datensatz einer Entität aus der Datenbank
            </summary>
            <returns>Entität</returns>
        </member>
        <member name="M:InventoryManagementSystem.database.basic.DatabaseBasic.Delete(System.Int32)">
            <summary>
            Löscht ein Objekt der Entität aus der Datenbank
            </summary>
            <param name="id">Die ID des Objekts, welches gelöscht wird</param>
        </member>
        <member name="M:InventoryManagementSystem.database.basic.DatabaseBasic.GetAllEntities``1">
            <summary>
            Liestet alle Datensätze der Entität aus der Datenbank
            </summary>
            <returns>Liste der Entität</returns>
        </member>
        <member name="M:InventoryManagementSystem.database.basic.DatabaseBasic.GetEntityByName``1(System.String,System.String)">
            <summary>
            Liest den Datensatz der jeweiligen Entität aus der Datenbank, die dem übergebenen Namen
            entspricht. Durch den generischen Ansatz muss der Typ der Entität übergeben werden.
            Das Feld in dem geprüft werden soll muss ebenfalls übergeben werden.
            </summary>
            <typeparam name="T">Entitätsklasse</typeparam>
            <param name="fieldName">Feld in der Datenbank</param>
            <param name="name">Gesuchter Datensatz</param>
            <returns>Objekt der jeweiligen Entität</returns>
        </member>
        <member name="T:InventoryManagementSystem.dataAccess.DiskDataAccess">
            <summary>
            Data-Access-Klasse der Entität 'Festplatte'.
            Führt alle Operationen für die Entität auf der Datenbank aus.
            </summary>
        </member>
        <member name="M:InventoryManagementSystem.dataAccess.DiskDataAccess.GetTableName">
            <summary>
            Gibt den Tabellennamen zusammen mit dem konfigurierten Präfix zurück.
            </summary>
            <returns>string</returns>
        </member>
        <member name="M:InventoryManagementSystem.dataAccess.DiskDataAccess.Save(InventoryManagementSystem.components.Disk)">
            <summary>
            Speichert ein Objekt der Entität 'Festplatte' in der Datenbank
            </summary>
            <param name="entity">Das Objekt, welches gespeichert wird</param>
        </member>
        <member name="M:InventoryManagementSystem.dataAccess.DiskDataAccess.Update(InventoryManagementSystem.components.Disk)">
            <summary>
            Verändert einen bestehenden Datensatz der Entität 'Festplatte' in der Datenbank.
            Ermittelt auch nicht mehr genutzte Referenzen und löscht diese aus der Beziehungstabelle.
            </summary>
            <param name="entity">Die veränderte Entität</param>
        </member>
        <member name="M:InventoryManagementSystem.dataAccess.DiskDataAccess.MapToEntity(MySql.Data.MySqlClient.MySqlDataReader)">
            <summary>
            Mappt einen Datensatz aus der Datenbank auf ein Objekt vom Typ 'Festplatte'
            </summary>
            <param name="reader">Der Datensatz, welcher gemappt wird</param>
            <returns>Disk</returns>
        </member>
        <member name="M:InventoryManagementSystem.dataAccess.DiskDataAccess.GetPhysicalInterfaces(InventoryManagementSystem.components.Disk)">
            <summary>
            Liest alle Beziehungen zu der Entität 'Schnittstelle' aus der Datenbank
            </summary>
            <param name="entity">Die Festplatte, zu welcher die Schnittstellen ermittelt werden</param>
            <returns>Liste von PhysicalInterfaceWithCount</returns>
        </member>
        <member name="M:InventoryManagementSystem.dataAccess.DiskDataAccess.IsInterfaceInUse(InventoryManagementSystem.components.PhysicalInterface,InventoryManagementSystem.components.Disk)">
            <summary>
            Prüft, ob ein Interface bereits der Entität zugewiesen ist
            </summary>
            <param name="physicalInterface">Die Schnittstelle auf welche geprüft wird</param>
            <param name="entity">Die Entität, welche geprüft wird</param>
            <returns>true, wenn eine Schnittstelle zugewiesen wurde</returns>
        </member>
        <member name="T:InventoryManagementSystem.dataAccess.GraphicCardDataAccess">
            <summary>
            Data-Access-Klasse der Entität 'Grafikkarte'.
            Führt alle Operationen für die Entität auf der Datenbank aus.
            </summary>
        </member>
        <member name="M:InventoryManagementSystem.dataAccess.GraphicCardDataAccess.GetTableName">
            <summary>
            Gibt den Tabellennamen zusammen mit dem konfigurierten Präfix zurück.
            </summary>
            <returns>string</returns>
        </member>
        <member name="M:InventoryManagementSystem.dataAccess.GraphicCardDataAccess.Save(InventoryManagementSystem.components.GraphicCard)">
            <summary>
            Speichert ein Objekt der Entität 'Grafikkarte' in die Datenbank
            </summary>
            <param name="entity">Das Objekt, welches gespeichert wird</param>
        </member>
        <member name="M:InventoryManagementSystem.dataAccess.GraphicCardDataAccess.Update(InventoryManagementSystem.components.GraphicCard)">
            <summary>
            Löscht ein Objekt der Entität 'Grafikkarte aus der Datenbank
            </summary>
            <param name="entity">Das Objekt, welches gelöscht wird</param>
        </member>
        <member name="M:InventoryManagementSystem.dataAccess.GraphicCardDataAccess.MapToEntity(MySql.Data.MySqlClient.MySqlDataReader)">
            <summary>
            Mappt einen Datensatz aus der Datenbank auf ein Objekt vom Typ 'Grafikkarte'
            </summary>
            <param name="reader">Der Datensatz, welcher gemappt wird</param>
            <returns>GraphicCard</returns>
        </member>
        <member name="M:InventoryManagementSystem.dataAccess.GraphicCardDataAccess.GetPhysicalInterfaces(InventoryManagementSystem.components.GraphicCard)">
            <summary>
            Liest alle Beziehungen zu der Entität 'Schnittstelle' aus der Datenbank
            </summary>
            <param name="entity">Die Grafikkarte, zu welcher die Schnittstellen ermittelt werden</param>
            <returns>Liste von PhysicalInterfaceWithCount</returns>
        </member>
        <member name="M:InventoryManagementSystem.dataAccess.GraphicCardDataAccess.IsInterfaceInUse(InventoryManagementSystem.components.PhysicalInterface,InventoryManagementSystem.components.GraphicCard)">
            <summary>
            Prüft, ob ein Interface bereits der Entität zugewiesen ist
            </summary>
            <param name="physicalInterface">Die Schnittstelle auf welche geprüft wird</param>
            <param name="entity">Die Entität, welche geprüft wird</param>
            <returns>true, wenn eine Schnittstelle zugewiesen wurde</returns>
        </member>
        <member name="T:InventoryManagementSystem.dataAccess.MonitorDataAccess">
            <summary>
            Data-Access-Klasse der Entität 'Monitor'.
            Führt alle Operationen für die Entität auf der Datenbank aus.
            </summary>
        </member>
        <member name="M:InventoryManagementSystem.dataAccess.MonitorDataAccess.GetTableName">
            <summary>
            Gibt den Tabellennamen zusammen mit dem konfigurierten Präfix zurück.
            </summary>
            <returns>string</returns>
        </member>
        <member name="M:InventoryManagementSystem.dataAccess.MonitorDataAccess.Save(InventoryManagementSystem.components.Monitor)">
            <summary>
            Speichert ein Objekt der Entität 'Monitor' in der Datenbank
            </summary>
            <param name="entity">Das Objekt, welches gespeichert wird</param>
        </member>
        <member name="M:InventoryManagementSystem.dataAccess.MonitorDataAccess.Update(InventoryManagementSystem.components.Monitor)">
            <summary>
            Verändert einen bestehenden Datensatz der Entität 'Monitor' in der Datenbank.
            Ermittelt auch nicht mehr genutzte Referenzen und löscht diese aus der Beziehungstabelle.
            </summary>
            <param name="entity">Die veränderte Entität</param>
        </member>
        <member name="M:InventoryManagementSystem.dataAccess.MonitorDataAccess.MapToEntity(MySql.Data.MySqlClient.MySqlDataReader)">
            <summary>
            Mappt einen Datensatz aus der Datenbank auf ein Objekt vom Typ 'Monitor'
            </summary>
            <param name="reader">Der Datensatz, welcher gemappt wird</param>
            <returns>Monitor</returns>
        </member>
        <member name="M:InventoryManagementSystem.dataAccess.MonitorDataAccess.GetPhysicalInterfaces(InventoryManagementSystem.components.Monitor)">
            <summary>
            Liest alle Beziehungen zu der Entität 'Schnittstelle' aus der Datenbank
            </summary>
            <param name="entity">Der Monitor, zu welchem die Schnittstellen ermittelt werden</param>
            <returns>Liste von PhysicalInterfaceWithCount</returns>
        </member>
        <member name="M:InventoryManagementSystem.dataAccess.MonitorDataAccess.IsInterfaceInUse(InventoryManagementSystem.components.PhysicalInterface,InventoryManagementSystem.components.Monitor)">
            <summary>
            Prüft, ob ein Interface bereits der Entität zugewiesen ist
            </summary>
            <param name="physicalInterface">Die Schnittstelle auf welche geprüft wird</param>
            <param name="entity">Die Entität, welche geprüft wird</param>
            <returns>true, wenn eine Schnittstelle zugewiesen wurde</returns>
        </member>
        <member name="T:InventoryManagementSystem.dataAccess.MotherboardDataAccess">
            <summary>
            Data-Access-Klasse der Entität 'Hauptplatine'.
            Führt alle Operationen für die Entität auf der Datenbank aus.
            </summary>
        </member>
        <member name="M:InventoryManagementSystem.dataAccess.MotherboardDataAccess.GetTableName">
            <summary>
            Gibt den Tabellennamen zusammen mit dem konfigurierten Präfix zurück.
            </summary>
            <returns>string</returns>
        </member>
        <member name="M:InventoryManagementSystem.dataAccess.MotherboardDataAccess.Save(InventoryManagementSystem.components.Motherboard)">
            <summary>
            Speichert ein Objekt der Entität 'Hauptplatine' in der Datenbank
            </summary>
            <param name="entity">Das Objekt, welches gespeichert wird</param>
        </member>
        <member name="M:InventoryManagementSystem.dataAccess.MotherboardDataAccess.Update(InventoryManagementSystem.components.Motherboard)">
            <summary>
            Verändert einen bestehenden Datensatz der Entität 'Hauptplatine' in der Datenbank.
            Ermittelt auch nicht mehr genutzte Referenzen und löscht diese aus der Beziehungstabelle.
            </summary>
            <param name="entity">Die veränderte Entität</param>
        </member>
        <member name="M:InventoryManagementSystem.dataAccess.MotherboardDataAccess.MapToEntity(MySql.Data.MySqlClient.MySqlDataReader)">
            <summary>
            Mappt einen Datensatz aus der Datenbank auf ein Objekt vom Typ 'Hauptplatine'
            </summary>
            <param name="reader">Der Datensatz, welcher gemappt wird</param>
            <returns>Motherboard</returns>
        </member>
        <member name="M:InventoryManagementSystem.dataAccess.MotherboardDataAccess.GetPhysicalInterfaces(InventoryManagementSystem.components.Motherboard)">
            <summary>
            Liest alle Beziehungen zu der Entität 'Schnittstelle' aus der Datenbank
            </summary>
            <param name="entity">Die Hauptplatine, zu welcher die Schnittstellen ermittelt werden</param>
            <returns>Liste von PhysicalInterfaceWithCount</returns>
        </member>
        <member name="M:InventoryManagementSystem.dataAccess.MotherboardDataAccess.IsInterfaceInUse(InventoryManagementSystem.components.PhysicalInterface,InventoryManagementSystem.components.Motherboard)">
            <summary>
            Prüft, ob ein Interface bereits der Entität zugewiesen ist
            </summary>
            <param name="physicalInterface">Die Schnittstelle auf welche geprüft wird</param>
            <param name="entity">Die Entität, welche geprüft wird</param>
            <returns>true, wenn eine Schnittstelle zugewiesen wurde</returns>
        </member>
        <member name="T:InventoryManagementSystem.dataAccess.PhysicalInterfaceDataAccess">
            <summary>
            Data-Access-Klasse der Entität 'Schnittstelle'.
            Führt alle Operationen für die Entität auf der Datenbank aus.
            </summary>
        </member>
        <member name="M:InventoryManagementSystem.dataAccess.PhysicalInterfaceDataAccess.GetTableName">
            <summary>
            Gibt den Tabellennamen zusammen mit dem konfigurierten Präfix zurück.
            </summary>
            <returns>string</returns>
        </member>
        <member name="M:InventoryManagementSystem.dataAccess.PhysicalInterfaceDataAccess.Save(InventoryManagementSystem.components.PhysicalInterface)">
            <summary>
            Speichert ein Objekt der Entität 'Schnittstelle' in der Datenbank
            </summary>
            <param name="entity">Das Objekt, welches gespeichert wird</param>
        </member>
        <member name="M:InventoryManagementSystem.dataAccess.PhysicalInterfaceDataAccess.Update(InventoryManagementSystem.components.PhysicalInterface)">
            <summary>
            Verändert einen bestehenden Datensatz der Entität 'Schnittstelle' in der Datenbank.
            </summary>
            <param name="entity">Die veränderte Entität</param>
        </member>
        <member name="M:InventoryManagementSystem.dataAccess.PhysicalInterfaceDataAccess.GetByName(System.String)">
            <summary>
            Selektiert einen Datensatz aus der Datenbank, welcher mit dem übergebenen Namen übereinstimmt.
            </summary>
            <param name="name">Name der Schnittstelle</param>
            <returns>Ein Objekt der Entität mit dem übergebenen Namen</returns>
        </member>
        <member name="M:InventoryManagementSystem.dataAccess.PhysicalInterfaceDataAccess.MapToEntity(MySql.Data.MySqlClient.MySqlDataReader)">
            <summary>
            Mappt einen Datensatz aus der Datenbank auf ein Objekt vom Typ 'Schnittstelle'
            </summary>
            <param name="reader">Der Datensatz, welcher gemappt wird</param>
            <returns>PhysicalInterface</returns>
        </member>
        <member name="T:InventoryManagementSystem.dataAccess.ProcessorDataAccess">
            <summary>
            Data-Access-Klasse der Entität 'Prozessor'.
            Führt alle Operationen für die Entität auf der Datenbank aus.
            </summary>
        </member>
        <member name="M:InventoryManagementSystem.dataAccess.ProcessorDataAccess.GetTableName">
            <summary>
            Gibt den Tabellennamen zusammen mit dem konfigurierten Präfix zurück.
            </summary>
            <returns>string</returns>
        </member>
        <member name="M:InventoryManagementSystem.dataAccess.ProcessorDataAccess.Save(InventoryManagementSystem.components.Processor)">
            <summary>
            Speichert ein Objekt der Entität 'Prozessor' in der Datenbank
            </summary>
            <param name="entity">Das Objekt, welches gespeichert wird</param>
        </member>
        <member name="M:InventoryManagementSystem.dataAccess.ProcessorDataAccess.Update(InventoryManagementSystem.components.Processor)">
            <summary>
            Verändert einen bestehenden Datensatz der Entität 'Prozessor' in der Datenbank.
            </summary>
            <param name="entity">Die veränderte Entität</param>
        </member>
        <member name="M:InventoryManagementSystem.dataAccess.ProcessorDataAccess.MapToEntity(MySql.Data.MySqlClient.MySqlDataReader)">
            <summary>
            Mappt einen Datensatz aus der Datenbank auf ein Objekt vom Typ 'Prozessor'
            </summary>
            <param name="reader">Der Datensatz, welcher gemappt wird</param>
            <returns>Processor</returns>
        </member>
        <member name="T:InventoryManagementSystem.dataAccess.ProducerDataAccess">
            <summary>
            Data-Access-Klasse der Entität 'Hersteller'.
            Führt alle Operationen für die Entität auf der Datenbank aus.
            </summary>
        </member>
        <member name="M:InventoryManagementSystem.dataAccess.ProducerDataAccess.GetTableName">
            <summary>
            Gibt den Tabellennamen zusammen mit dem konfigurierten Präfix zurück.
            </summary>
            <returns>string</returns>
        </member>
        <member name="M:InventoryManagementSystem.dataAccess.ProducerDataAccess.Save(InventoryManagementSystem.components.Producer)">
            <summary>
            Speichert ein Objekt der Entität 'Hersteller' in der Datenbank
            </summary>
            <param name="entity">Das Objekt, welches gespeichert wird</param>
        </member>
        <member name="M:InventoryManagementSystem.dataAccess.ProducerDataAccess.Update(InventoryManagementSystem.components.Producer)">
            <summary>
            Verändert einen bestehenden Datensatz der Entität 'Hersteller' in der Datenbank.
            Ermittelt auch nicht mehr genutzte Referenzen und löscht diese aus der Beziehungstabelle.
            </summary>
            <param name="entity">Die veränderte Entität</param>
        </member>
        <member name="M:InventoryManagementSystem.dataAccess.ProducerDataAccess.MapToEntity(MySql.Data.MySqlClient.MySqlDataReader)">
            <summary>
            Mappt einen Datensatz aus der Datenbank auf ein Objekt vom Typ 'Hersteller'
            </summary>
            <param name="reader">Der Datensatz, welcher gemappt wird</param>
            <returns>Producer</returns>
        </member>
        <member name="T:InventoryManagementSystem.dataAccess.RandomAccessMemoryDataAccess">
            <summary>
            Data-Access-Klasse der Entität 'Arbeitsspeicher'.
            Führt alle Operationen für die Entität auf der Datenbank aus.
            </summary>
        </member>
        <member name="M:InventoryManagementSystem.dataAccess.RandomAccessMemoryDataAccess.GetTableName">
            <summary>
            Gibt den Tabellennamen zusammen mit dem konfigurierten Präfix zurück.
            </summary>
            <returns>string</returns>
        </member>
        <member name="M:InventoryManagementSystem.dataAccess.RandomAccessMemoryDataAccess.Save(InventoryManagementSystem.components.RandomAccessMemory)">
            <summary>
            Speichert ein Objekt der Entität 'Arbeitsspeicher' in der Datenbank
            </summary>
            <param name="entity">Das Objekt, welches gespeichert wird</param>
        </member>
        <member name="M:InventoryManagementSystem.dataAccess.RandomAccessMemoryDataAccess.Update(InventoryManagementSystem.components.RandomAccessMemory)">
            <summary>
            Verändert einen bestehenden Datensatz der Entität 'Arbeitsspeicher' in der Datenbank.
            </summary>
            <param name="entity">Die veränderte Entität</param>
        </member>
        <member name="M:InventoryManagementSystem.dataAccess.RandomAccessMemoryDataAccess.MapToEntity(MySql.Data.MySqlClient.MySqlDataReader)">
            <summary>
            Mappt einen Datensatz aus der Datenbank auf ein Objekt vom Typ 'Arbeitsspeicher'
            </summary>
            <param name="reader">Der Datensatz, welcher gemappt wird</param>
            <returns>RandomAccessMemory</returns>
        </member>
        <member name="T:InventoryManagementSystem.presentation.ConfigWindow">
            <summary>
            Interaktionslogik für ConfigWindow.xaml
            Ermöglicht das Konfigurieren der Datenbankverbindung auf Client-Seite.
            </summary>
            <summary>
            ConfigWindow
            </summary>
        </member>
        <member name="M:InventoryManagementSystem.presentation.ConfigWindow.#ctor">
            <summary>
            Konstruktor: Initialisiert die Elemente.
            </summary>
        </member>
        <member name="M:InventoryManagementSystem.presentation.ConfigWindow.FillTextFields">
            <summary>
            Setzt die Werte der Text-Felder mit den Informationen aus
            der Konfiguration
            </summary>
        </member>
        <member name="M:InventoryManagementSystem.presentation.ConfigWindow.BtnSave_Click(System.Object,System.Windows.RoutedEventArgs)">
            <summary>
            Wird aufgerufen, wenn der Speichern-Button geklickt wurde.
            Setzt die Informationen aus der Konfiguration auf die eingegebenen
            Werte und schließt das Fenster.
            </summary>
        </member>
        <member name="M:InventoryManagementSystem.presentation.ConfigWindow.InitializeComponent">
            <summary>
            InitializeComponent
            </summary>
        </member>
        <member name="T:InventoryManagementSystem.presentation.EditPhysicalInterfaces">
            <summary>
            Interaktionslogik für EditPhysicalInterfaces.xaml
            Ermöglicht die Verwaltung von Schnittstellen einer beliebigen Entität. 
            </summary>
            <summary>
            EditPhysicalInterfaces
            </summary>
        </member>
        <member name="F:InventoryManagementSystem.presentation.EditPhysicalInterfaces.list">
            <summary>
            Liste der Schnittstellen, welche der Entität zugewiesen wurden
            </summary>
        </member>
        <member name="M:InventoryManagementSystem.presentation.EditPhysicalInterfaces.#ctor(System.Collections.Generic.List{InventoryManagementSystem.components.PhysicalInterfaceWithCount})">
            <summary>
            Konstruktor: Initalisiert die Komponenten und lädt die Liste aller Schnittstellen
            </summary>
            <param name="usedEntities"></param>
        </member>
        <member name="M:InventoryManagementSystem.presentation.EditPhysicalInterfaces.FillLists(System.Collections.Generic.List{InventoryManagementSystem.components.PhysicalInterfaceWithCount})">
            <summary>
            Füllt die Liste der verwendeten und nicht verwendeten Schnittstellen auf, damit diese auf
            der Oberfläche zu sehen sind.
            </summary>
            <param name="usedEntities"></param>
        </member>
        <member name="M:InventoryManagementSystem.presentation.EditPhysicalInterfaces.Add_Click(System.Object,System.Windows.RoutedEventArgs)">
            <summary>
            Wird aufgerufen, wenn auf den Button mit dem '+' geklickt wird.
            Fügt das selektierte Item zur Liste der verwendeten Schnittstellen hinzu. 
            </summary>
        </member>
        <member name="M:InventoryManagementSystem.presentation.EditPhysicalInterfaces.Remove_Click(System.Object,System.Windows.RoutedEventArgs)">
            <summary>
            Wird aufgerufen, wenn auf den Button mit dem '-' geklickt wird.
            Entfernt die selektierte Schnittstelle aus der Liste der verwendeten Schnittstellen.
            </summary>
        </member>
        <member name="M:InventoryManagementSystem.presentation.EditPhysicalInterfaces.Save_Click(System.Object,System.Windows.RoutedEventArgs)">
            <summary>
            Wird aufgerufen, wenn auf den Speichern-Button geklickt wird.
            Speichert die aktuelle Liste und schließt das Fenster.
            </summary>
        </member>
        <member name="M:InventoryManagementSystem.presentation.EditPhysicalInterfaces.BuildList">
            <summary>
            Generiert eine Liste von 'PhysicalInterfaceWithCount' aus der Tabelle der
            verwendeten Schnittstellen. Es werden die Schnittstellen und Anzahl der Vorkommen
            ermittelt und in die Liste geschrieben.
            </summary>
            <returns>Liste von PhysicalInterfaceWithCount</returns>
        </member>
        <member name="M:InventoryManagementSystem.presentation.EditPhysicalInterfaces.Cancel_Click(System.Object,System.Windows.RoutedEventArgs)">
            <summary>
            Wird aufgerufen, wenn auf den Abbrechen-Button geklickt wird.
            Schließt den aktuellen Dialog, ohne die Schnittstellen zu speichern.
            </summary>
        </member>
        <member name="M:InventoryManagementSystem.presentation.EditPhysicalInterfaces.InitializeComponent">
            <summary>
            InitializeComponent
            </summary>
        </member>
        <member name="T:InventoryManagementSystem.presentation.forms.CreateDisk">
            <summary>
            Interaction logic for CreateDisk.xaml
            </summary>
            <summary>
            CreateDisk
            </summary>
        </member>
        <member name="M:InventoryManagementSystem.presentation.forms.CreateDisk.#ctor(InventoryManagementSystem.components.Disk)">
            <summary>
            Konstruktor: Setzt die Wert für die Initialisierung des Dialoges
            </summary>
            <param name="entity">Objekt einer Festplatte</param>
        </member>
        <member name="M:InventoryManagementSystem.presentation.forms.CreateDisk.SetAllFields">
            <summary>
            Setzt die Werte der UI-Elemente, wenn eine Entität bearbeitet wird
            </summary>
        </member>
        <member name="M:InventoryManagementSystem.presentation.forms.CreateDisk.GetProducers">
            <summary>
            Fügt alle Hersteller aus der Datenbank dem Drop-Down-Menü hinzu
            </summary>
        </member>
        <member name="M:InventoryManagementSystem.presentation.forms.CreateDisk.DiskInterface_Click(System.Object,System.Windows.RoutedEventArgs)">
            <summary>
            Öffnet das Fenster für die Verwaltung der Schnittstellen.
            </summary>
        </member>
        <member name="M:InventoryManagementSystem.presentation.forms.CreateDisk.setEntityWithFormData(InventoryManagementSystem.dataAccess.ProducerDataAccess)">
            <summary>
            Setzt die Werte des Formulares in der entity.
            </summary>
            <param name="dataProducer">Dataaccess Objekt eines Produzenten</param>
        </member>
        <member name="M:InventoryManagementSystem.presentation.forms.CreateDisk.DiskSave_Click(System.Object,System.Windows.RoutedEventArgs)">
            <summary>
            Ruft die Informationen aus dem Formular ab und speichert sie in die Datenbank.
            Führt eine Umrechnung in MB aus und wirft eine Fehlermeldung, wenn die Validierung
            fehlschlägt.
            </summary>
        </member>
        <member name="M:InventoryManagementSystem.presentation.forms.CreateDisk.DiskCancel_Click(System.Object,System.Windows.RoutedEventArgs)">
            <summary>
            Schließt das aktuelle Fenster
            </summary>
        </member>
        <member name="M:InventoryManagementSystem.presentation.forms.CreateDisk.InitializeComponent">
            <summary>
            InitializeComponent
            </summary>
        </member>
        <member name="T:InventoryManagementSystem.presentation.forms.CreateGraphicCard">
            <summary>
            Interaktionslogik für CreateGraphicCard.xaml
            </summary>
            <summary>
            CreateGraphicCard
            </summary>
        </member>
        <member name="M:InventoryManagementSystem.presentation.forms.CreateGraphicCard.#ctor(InventoryManagementSystem.components.GraphicCard)">
            <summary>
            Konstruktor: Setzt die Wert für die Initialisierung des Dialoges
            </summary>
            <param name="entity">Objekt einer Grafikkarte</param>
        </member>
        <member name="M:InventoryManagementSystem.presentation.forms.CreateGraphicCard.SetAllFields">
            <summary>
            Setzt die Werte der UI-Elemente, wenn eine Entität bearbeitet wird
            </summary>
        </member>
        <member name="M:InventoryManagementSystem.presentation.forms.CreateGraphicCard.GetProducers">
            <summary>
            Fügt alle Hersteller aus der Datenbank dem Drop-Down-Menü hinzu
            </summary>
        </member>
        <member name="M:InventoryManagementSystem.presentation.forms.CreateGraphicCard.GraphicInterface_Click(System.Object,System.Windows.RoutedEventArgs)">
            <summary>
            Öffnet das Fenster für die Verwaltung der Schnittstellen.
            </summary>
        </member>
        <member name="M:InventoryManagementSystem.presentation.forms.CreateGraphicCard.setEntityWithFormData(InventoryManagementSystem.dataAccess.ProducerDataAccess)">
            <summary>
            Setzt die Werte des Formulares in der entity.
            </summary>
            <param name="dataProducer">Dataaccess Objekt eines Produzenten</param>
        </member>
        <member name="M:InventoryManagementSystem.presentation.forms.CreateGraphicCard.GraphicSave_Click(System.Object,System.Windows.RoutedEventArgs)">
            <summary>
            Ruft die Informationen aus dem Formular ab und speichert sie in die Datenbank.
            Führt eine Umrechnung in MB aus und wirft eine Fehlermeldung, wenn die Validierung
            fehlschlägt.
            </summary>
        </member>
        <member name="M:InventoryManagementSystem.presentation.forms.CreateGraphicCard.GraphicCancel_Click(System.Object,System.Windows.RoutedEventArgs)">
            <summary>
            Schließt das aktuelle Fenster
            </summary>
        </member>
        <member name="M:InventoryManagementSystem.presentation.forms.CreateGraphicCard.InitializeComponent">
            <summary>
            InitializeComponent
            </summary>
        </member>
        <member name="T:InventoryManagementSystem.presentation.forms.CreateMonitor">
            <summary>
            Interaktionslogik für CreateMonitor.xaml
            </summary>
            <summary>
            CreateMonitor
            </summary>
        </member>
        <member name="M:InventoryManagementSystem.presentation.forms.CreateMonitor.#ctor(InventoryManagementSystem.components.Monitor)">
            <summary>
            Konstruktor: Setzt die Wert für die Initialisierung des Dialoges
            </summary>
            <param name="entity">Objekt eines Monitor</param>
        </member>
        <member name="M:InventoryManagementSystem.presentation.forms.CreateMonitor.GetProducers">
            <summary>
            Fügt alle Hersteller aus der Datenbank dem Drop-Down-Menü hinzu
            </summary>
        </member>
        <member name="M:InventoryManagementSystem.presentation.forms.CreateMonitor.MonitorCancel_Click(System.Object,System.Windows.RoutedEventArgs)">
            <summary>
            Schließt das aktuelle Fenster
            </summary>
        </member>
        <member name="M:InventoryManagementSystem.presentation.forms.CreateMonitor.MonitorSave_Click(System.Object,System.Windows.RoutedEventArgs)">
            <summary>
            Ruft die Informationen aus dem Formular ab und speichert sie in die Datenbank.
            Wirft eine Fehlermeldung, wenn die Validierung fehlschlägt.
            </summary>
        </member>
        <member name="M:InventoryManagementSystem.presentation.forms.CreateMonitor.setEntityWithFormData(InventoryManagementSystem.dataAccess.ProducerDataAccess)">
            <summary>
            Setzt die Werte des Formulares in der entity.
            </summary>
            <param name="dataProducer">Dataaccess Objekt eines Produzenten</param>
        </member>
        <member name="M:InventoryManagementSystem.presentation.forms.CreateMonitor.GraphicInterface_Click(System.Object,System.Windows.RoutedEventArgs)">
            <summary>
            Öffnet das Fenster für die Verwaltung der Schnittstellen.
            </summary>
        </member>
        <member name="M:InventoryManagementSystem.presentation.forms.CreateMonitor.InitializeComponent">
            <summary>
            InitializeComponent
            </summary>
        </member>
        <member name="T:InventoryManagementSystem.presentation.forms.CreateMotherboard">
            <summary>
            Interaction logic for CreateMotherboard.xaml
            </summary>
            <summary>
            CreateMotherboard
            </summary>
        </member>
        <member name="M:InventoryManagementSystem.presentation.forms.CreateMotherboard.#ctor(InventoryManagementSystem.components.Motherboard)">
            <summary>
            Konstruktor: Setzt die Wert für die Initialisierung des Dialoges
            </summary>
            <param name="entity">Objekt eines Mainboards</param>
        </member>
        <member name="M:InventoryManagementSystem.presentation.forms.CreateMotherboard.SetAllFields">
            <summary>
            Setzt die Werte der UI-Elemente, wenn eine Entität bearbeitet wird
            </summary>
        </member>
        <member name="M:InventoryManagementSystem.presentation.forms.CreateMotherboard.GetProducers">
            <summary>
            Fügt alle Hersteller aus der Datenbank dem Drop-Down-Menü hinzu
            </summary>
        </member>
        <member name="M:InventoryManagementSystem.presentation.forms.CreateMotherboard.MainboardInterface_Click(System.Object,System.Windows.RoutedEventArgs)">
            <summary>
            Öffnet das Fenster für die Verwaltung der Schnittstellen.
            </summary>
        </member>
        <member name="M:InventoryManagementSystem.presentation.forms.CreateMotherboard.setEntityWithFormData(InventoryManagementSystem.dataAccess.ProducerDataAccess)">
            <summary>
            Setzt die Werte des Formulares in der entity.
            </summary>
            <param name="dataProducer">Dataaccess Objekt eines Produzenten</param>
        </member>
        <member name="M:InventoryManagementSystem.presentation.forms.CreateMotherboard.MainboardSave_Click(System.Object,System.Windows.RoutedEventArgs)">
            <summary>
            Ruft die Informationen aus dem Formular ab und speichert sie in die Datenbank.
            Wirft eine Fehlermeldung, wenn die Validierung fehlschlägt.
            </summary>
        </member>
        <member name="M:InventoryManagementSystem.presentation.forms.CreateMotherboard.InitializeComponent">
            <summary>
            InitializeComponent
            </summary>
        </member>
        <member name="T:InventoryManagementSystem.presentation.forms.CreatePhysicalInterface">
            <summary>
            Interaktionslogik für CreatePhysicalInterface.xaml
            </summary>
            <summary>
            CreatePhysicalInterface
            </summary>
        </member>
        <member name="M:InventoryManagementSystem.presentation.forms.CreatePhysicalInterface.#ctor(InventoryManagementSystem.components.PhysicalInterface)">
            <summary>
            Konstruktor: Setzt die Wert für die Initialisierung des Dialoges
            </summary>
            <param name="entity">Objekt einer Schnittstelle</param>
        </member>
        <member name="M:InventoryManagementSystem.presentation.forms.CreatePhysicalInterface.SetAllFields">
            <summary>
            Setzt die Werte der UI-Elemente, wenn eine Entität bearbeitet wird
            </summary>
        </member>
        <member name="M:InventoryManagementSystem.presentation.forms.CreatePhysicalInterface.setEntityWithFormData(InventoryManagementSystem.dataAccess.ProducerDataAccess)">
            <summary>
            Setzt die Werte des Formulares in der entity.
            </summary>
            <param name="dataProducer">Dataaccess Objekt eines Produzenten</param>
        </member>
        <member name="M:InventoryManagementSystem.presentation.forms.CreatePhysicalInterface.InterfaceSave_Click(System.Object,System.Windows.RoutedEventArgs)">
            <summary>
            Ruft die Informationen aus dem Formular ab und speichert sie in die Datenbank.
            Wirft eine Fehlermeldung, wenn die Validierung fehlschlägt.
            </summary>
        </member>
        <member name="M:InventoryManagementSystem.presentation.forms.CreatePhysicalInterface.InterfaceCancel_Click(System.Object,System.Windows.RoutedEventArgs)">
            <summary>
            Schließt das aktuelle Fenster
            </summary>
        </member>
        <member name="M:InventoryManagementSystem.presentation.forms.CreatePhysicalInterface.InitializeComponent">
            <summary>
            InitializeComponent
            </summary>
        </member>
        <member name="T:InventoryManagementSystem.presentation.forms.CreateProcessor">
            <summary>
            Interaction logic for CreateProcessor.xaml
            </summary>
            <summary>
            CreateProcessor
            </summary>
        </member>
        <member name="M:InventoryManagementSystem.presentation.forms.CreateProcessor.#ctor(InventoryManagementSystem.components.Processor)">
            <summary>
            Konstruktor: Setzt die Wert für die Initialisierung des Dialoges
            </summary>
            <param name="entity">Objekt eines Prozessors</param>
        </member>
        <member name="M:InventoryManagementSystem.presentation.forms.CreateProcessor.SetAllFields">
            <summary>
            Setzt die Werte der UI-Elemente, wenn eine Entität bearbeitet wird
            </summary>
        </member>
        <member name="M:InventoryManagementSystem.presentation.forms.CreateProcessor.GetProducers">
            <summary>
            Fügt alle Hersteller aus der Datenbank dem Drop-Down-Menü hinzu
            </summary>
        </member>
        <member name="M:InventoryManagementSystem.presentation.forms.CreateProcessor.setEntityWithFormData(InventoryManagementSystem.dataAccess.ProducerDataAccess)">
            <summary>
            Setzt die Werte des Formulares in der entity.
            </summary>
            <param name="dataProducer">Dataaccess Objekt eines Produzenten</param>
        </member>
        <member name="M:InventoryManagementSystem.presentation.forms.CreateProcessor.ProcessorSave_Click(System.Object,System.Windows.RoutedEventArgs)">
            <summary>
            Ruft die Informationen aus dem Formular ab und speichert sie in die Datenbank.
            Wirft eine Fehlermeldung, wenn die Validierung fehlschlägt.
            </summary>
        </member>
        <member name="M:InventoryManagementSystem.presentation.forms.CreateProcessor.ProcessorCancel_Click(System.Object,System.Windows.RoutedEventArgs)">
            <summary>
            Schließt das aktuelle Fenster
            </summary>
        </member>
        <member name="M:InventoryManagementSystem.presentation.forms.CreateProcessor.InitializeComponent">
            <summary>
            InitializeComponent
            </summary>
        </member>
        <member name="T:InventoryManagementSystem.presentation.forms.CreateProducer">
            <summary>
            Interaktionslogik für CreateProducer.xaml
            </summary>
            <summary>
            CreateProducer
            </summary>
        </member>
        <member name="M:InventoryManagementSystem.presentation.forms.CreateProducer.#ctor(InventoryManagementSystem.components.Producer)">
            <summary>
            Konstruktor: Setzt die Wert für die Initialisierung des Dialoges
            </summary>
            <param name="entity">Objekt eines Herstellers</param>
        </member>
        <member name="M:InventoryManagementSystem.presentation.forms.CreateProducer.SetAllFields">
            <summary>
            Setzt die Werte der UI-Elemente, wenn eine Entität bearbeitet wird
            </summary>
        </member>
        <member name="M:InventoryManagementSystem.presentation.forms.CreateProducer.setEntityWithFormData(InventoryManagementSystem.dataAccess.ProducerDataAccess)">
            <summary>
            Setzt die Werte des Formulares in der entity.
            </summary>
            <param name="dataProducer">Dataaccess Objekt eines Produzenten</param>
        </member>
        <member name="M:InventoryManagementSystem.presentation.forms.CreateProducer.ProducerSave_Click(System.Object,System.Windows.RoutedEventArgs)">
            <summary>
            Ruft die Informationen aus dem Formular ab und speichert sie in die Datenbank.
            Wirft eine Fehlermeldung, wenn die Validierung fehlschlägt.
            </summary>
        </member>
        <member name="M:InventoryManagementSystem.presentation.forms.CreateProducer.ProducerCancel_Click(System.Object,System.Windows.RoutedEventArgs)">
            <summary>
            Schließt das aktuelle Fenster
            </summary>
        </member>
        <member name="M:InventoryManagementSystem.presentation.forms.CreateProducer.InitializeComponent">
            <summary>
            InitializeComponent
            </summary>
        </member>
        <member name="T:InventoryManagementSystem.presentation.forms.CreateRAM">
            <summary>
            Interaktionslogik für CreateRAM.xaml
            </summary>
            <summary>
            CreateRAM
            </summary>
        </member>
        <member name="M:InventoryManagementSystem.presentation.forms.CreateRAM.#ctor(InventoryManagementSystem.components.RandomAccessMemory)">
            <summary>
            Konstruktor: Setzt die Wert für die Initialisierung des Dialoges
            </summary>
            <param name="entity">Objekt eines Arbeitsspeichers</param>
        </member>
        <member name="M:InventoryManagementSystem.presentation.forms.CreateRAM.SetAllFields">
            <summary>
            Setzt die Werte der UI-Elemente, wenn eine Entität bearbeitet wird
            </summary>
        </member>
        <member name="M:InventoryManagementSystem.presentation.forms.CreateRAM.GetProducers">
            <summary>
            Fügt alle Hersteller aus der Datenbank dem Drop-Down-Menü hinzu
            </summary>
        </member>
        <member name="M:InventoryManagementSystem.presentation.forms.CreateRAM.setEntityWithFormData(InventoryManagementSystem.dataAccess.ProducerDataAccess)">
            <summary>
            Setzt die Werte des Formulares in der entity.
            </summary>
            <param name="dataProducer">Dataaccess Objekt eines Produzenten</param>
        </member>
        <member name="M:InventoryManagementSystem.presentation.forms.CreateRAM.RamSave_Click(System.Object,System.Windows.RoutedEventArgs)">
            <summary>
            Ruft die Informationen aus dem Formular ab und speichert sie in die Datenbank.
            Führt eine Umrechnung in MB aus und wirft eine Fehlermeldung, wenn die Validierung
            fehlschlägt.
            </summary>
        </member>
        <member name="M:InventoryManagementSystem.presentation.forms.CreateRAM.RamCancel_Click(System.Object,System.Windows.RoutedEventArgs)">
            <summary>
            Schließt das aktuelle Fenster
            </summary>
        </member>
        <member name="M:InventoryManagementSystem.presentation.forms.CreateRAM.InitializeComponent">
            <summary>
            InitializeComponent
            </summary>
        </member>
        <member name="T:InventoryManagementSystem.MainWindow">
            <summary>
            Interaktionslogik für MainWindow.xaml
            </summary>
            <summary>
            MainWindow
            </summary>
        </member>
        <member name="M:InventoryManagementSystem.MainWindow.#ctor">
            <summary>
            Initialisiert die UI-Elemente und selektiert den ersten Menüeintrag (Arbeitsspeicher)
            </summary>
        </member>
        <member name="M:InventoryManagementSystem.MainWindow.AddToTable``1(System.Collections.Generic.List{``0})">
            <summary>
            Lädt eine beliebige Liste in die Tabelle
            </summary>
            <param name="list">Eine beliebige Liste von Datensätzen</param>
        </member>
        <member name="M:InventoryManagementSystem.MainWindow.Window_Loaded(System.Object,System.Windows.RoutedEventArgs)">
            <summary>
            Wird beim ersten Laden des Fensters aufgerufen.
            Versteckt die erste Spalte (ID), da diese einen rein technischen Zweck erfüllt.
            </summary>
        </member>
        <member name="M:InventoryManagementSystem.MainWindow.resetMenuBackground">
            <summary>
            Setzt die Hintergrundfarbe aller Elemente zurück auf die Ursprungsfarbe (Weiß)
            </summary>
        </member>
        <member name="M:InventoryManagementSystem.MainWindow.RAM_Selected(System.Object,System.Windows.RoutedEventArgs)">
            <summary>
            Wird aufgerufen, wenn der Menüpunkt 'Arbeitsspeicher' selektiert wurde.
            Lädt die Tabelle neu, passt den Titel an und ändert die Hintergrundfarbe des Menüpunktes.
            </summary>
        </member>
        <member name="M:InventoryManagementSystem.MainWindow.Disk_Selected(System.Object,System.Windows.RoutedEventArgs)">
            <summary>
            Wird aufgerufen, wenn der Menüpunkt 'Festplatte' selektiert wurde.
            Lädt die Tabelle neu, passt den Titel an und ändert die Hintergrundfarbe des Menüpunktes.
            </summary>
        </member>
        <member name="M:InventoryManagementSystem.MainWindow.GraphicCard_Selected(System.Object,System.Windows.RoutedEventArgs)">
            <summary>
            Wird aufgerufen, wenn der Menüpunkt 'Grafikkarte' selektiert wurde.
            Lädt die Tabelle neu, passt den Titel an und ändert die Hintergrundfarbe des Menüpunktes.
            </summary>
        </member>
        <member name="M:InventoryManagementSystem.MainWindow.Motherboard_Selected(System.Object,System.Windows.RoutedEventArgs)">
            <summary>
            Wird aufgerufen, wenn der Menüpunkt 'Hauptplatine' selektiert wurde.
            Lädt die Tabelle neu, passt den Titel an und ändert die Hintergrundfarbe des Menüpunktes.
            </summary>
        </member>
        <member name="M:InventoryManagementSystem.MainWindow.Monitor_Selected(System.Object,System.Windows.RoutedEventArgs)">
            <summary>
            Wird aufgerufen, wenn der Menüpunkt 'Monitor' selektiert wurde.
            Lädt die Tabelle neu, passt den Titel an und ändert die Hintergrundfarbe des Menüpunktes.
            </summary>
        </member>
        <member name="M:InventoryManagementSystem.MainWindow.Processor_Selected(System.Object,System.Windows.RoutedEventArgs)">
            <summary>
            Wird aufgerufen, wenn der Menüpunkt 'Prozessor' selektiert wurde.
            Lädt die Tabelle neu, passt den Titel an und ändert die Hintergrundfarbe des Menüpunktes.
            </summary>
        </member>
        <member name="M:InventoryManagementSystem.MainWindow.Producer_Selected(System.Object,System.Windows.RoutedEventArgs)">
            <summary>
            Wird aufgerufen, wenn der Menüpunkt 'Hersteller' selektiert wurde.
            Lädt die Tabelle neu, passt den Titel an und ändert die Hintergrundfarbe des Menüpunktes.
            </summary>
        </member>
        <member name="M:InventoryManagementSystem.MainWindow.Interface_Selected(System.Object,System.Windows.RoutedEventArgs)">
            <summary>
            Wird aufgerufen, wenn der Menüpunkt 'Schnittstelle' selektiert wurde.
            Lädt die Tabelle neu, passt den Titel an und ändert die Hintergrundfarbe des Menüpunktes.
            </summary>
        </member>
        <member name="M:InventoryManagementSystem.MainWindow.Delete_Entity(System.Object,System.Windows.RoutedEventArgs)">
            <summary>
            Initiiert das Löschen des ausgewählten Objektes aus der Datenbank und lädt die Tabelle
            erneut. Beim verletzen einer Datenbank-Regel wird das Löschen verhindert und eine entsprechende
            Fehlermeldung ausgegeben.
            </summary>
        </member>
        <member name="M:InventoryManagementSystem.MainWindow.InitializeComponent">
            <summary>
            InitializeComponent
            </summary>
        </member>
        <member name="T:InventoryManagementSystem.utilitys.ConfigProzesser">
            <summary>
            Klasse zur Verwaltung der Konfigurationen
            </summary>
        </member>
        <member name="M:InventoryManagementSystem.utilitys.ConfigProzesser.#ctor">
            <summary>
            Konstruktor: Ruft die Methode für das setzer der Variablen auf
            </summary>
        </member>
        <member name="P:InventoryManagementSystem.utilitys.ConfigProzesser.DBName">
            <summary>
            Getter/Setter für die Variable dbName
            </summary>
        </member>
        <member name="P:InventoryManagementSystem.utilitys.ConfigProzesser.DBUser">
            <summary>
            Getter/Setter für die Variable dbUser
            </summary>
        </member>
        <member name="P:InventoryManagementSystem.utilitys.ConfigProzesser.DBPassword">
            <summary>
            Getter/Setter für die Variable dbPassword
            </summary>
        </member>
        <member name="P:InventoryManagementSystem.utilitys.ConfigProzesser.DBPraefix">
            <summary>
            Getter/Setter für die Variable dbPraefix
            </summary>
        </member>
        <member name="P:InventoryManagementSystem.utilitys.ConfigProzesser.DBHost">
            <summary>
            Getter/Setter für die Variable dbHost
            </summary>
        </member>
        <member name="M:InventoryManagementSystem.utilitys.ConfigProzesser.SetConfigParams">
            <summary>
            Liest die Einstellungen aus der Konfiguration und setzt die Variablen
            </summary>
        </member>
        <member name="M:InventoryManagementSystem.utilitys.ConfigProzesser.SaveDBName(System.String)">
            <summary>
            Speichert den Datenbank-Namen in den Konfigurationen
            </summary>
            <param name="dbName">Name der Datenbank</param>
        </member>
        <member name="M:InventoryManagementSystem.utilitys.ConfigProzesser.SaveDBUser(System.String)">
            <summary>
            Speichert den Datenbank-Benutzer in den Konfigurationen
            </summary>
            <param name="dbUser">Name der Benutzers</param>
        </member>
        <member name="M:InventoryManagementSystem.utilitys.ConfigProzesser.SaveDBPassword(System.String)">
            <summary>
            Speichert das Passwort für den Datenbank-Benutzer in den Konfigurationen
            </summary>
            <param name="dbPassword">Passwort des Benutzers</param>
        </member>
        <member name="M:InventoryManagementSystem.utilitys.ConfigProzesser.SaveDBPraefix(System.String)">
            <summary>
            Speichert den Tabellen-Präfix in den Konfigurationen
            </summary>
            <param name="dbPraefix">Präfix der Tabellen</param>
        </member>
        <member name="M:InventoryManagementSystem.utilitys.ConfigProzesser.SaveDBHost(System.String)">
            <summary>
            Speichert den Datenbank-Host in den Konfigurationen
            </summary>
            <param name="dbHost">Host der Datenbank</param>
        </member>
        <member name="T:InventoryManagementSystem.validation.DiskValidator">
            <summary>
            Validator-Klasse der Entität 'Festplatte'.
            Legt die Regeln für die Validierung fest und überprüft mittels regulärer Ausdrückes, ob diese
            eingehalten werden.
            </summary>
        </member>
        <member name="M:InventoryManagementSystem.validation.DiskValidator.CheckConsistency(InventoryManagementSystem.components.Disk)">
            <summary>
            Prüft die Konsistenz der Attribute der Entität 'Festplatte'
            </summary>
            <param name="entity">Das Objekt, welches geprüft wird</param>
            <returns>true: Objekt Konsistent, false: Objekt fehlerhaft</returns>
        </member>
        <member name="T:InventoryManagementSystem.validation.GraphicCardValidator">
            <summary>
            Validator-Klasse der Entität 'Grafikkarte'.
            Legt die Regeln für die Validierung fest und überprüft mittels regulärer Ausdrückes, ob diese
            eingehalten werden.
            </summary>
        </member>
        <member name="M:InventoryManagementSystem.validation.GraphicCardValidator.CheckConsistency(InventoryManagementSystem.components.GraphicCard)">
            <summary>
            Prüft die Konsistenz der Attribute der Entität 'Grafikkarte'
            </summary>
            <param name="entity">Das Objekt, welches geprüft wird</param>
            <returns>true: Objekt Konsistent, false: Objekt fehlerhaft</returns>
        </member>
        <member name="T:InventoryManagementSystem.validation.MonitorValidator">
            <summary>
            Validator-Klasse der Entität 'Monitor'.
            Legt die Regeln für die Validierung fest und überprüft mittels regulärer Ausdrückes, ob diese
            eingehalten werden.
            </summary>
        </member>
        <member name="M:InventoryManagementSystem.validation.MonitorValidator.CheckConsistency(InventoryManagementSystem.components.Monitor)">
            <summary>
            Prüft die Konsistenz der Attribute der Entität 'Monitor'
            </summary>
            <param name="entity">Das Objekt, welches geprüft wird</param>
            <returns>true: Objekt Konsistent, false: Objekt fehlerhaft</returns>
        </member>
        <member name="T:InventoryManagementSystem.validation.MotherboardValidator">
            <summary>
            Validator-Klasse der Entität 'Hauptplatine'.
            Legt die Regeln für die Validierung fest und überprüft mittels regulärer Ausdrückes, ob diese
            eingehalten werden.
            </summary>
        </member>
        <member name="M:InventoryManagementSystem.validation.MotherboardValidator.CheckConsistency(InventoryManagementSystem.components.Motherboard)">
            <summary>
            Prüft die Konsistenz der Attribute der Entität 'Hauptplatine'
            </summary>
            <param name="entity">Das Objekt, welches geprüft wird</param>
            <returns>true: Objekt Konsistent, false: Objekt fehlerhaft</returns>
        </member>
        <member name="T:InventoryManagementSystem.validation.PhysicalInterfaceValidator">
            <summary>
            Validator-Klasse der Entität 'Schnittstelle'.
            Legt die Regeln für die Validierung fest und überprüft mittels regulärer Ausdrückes, ob diese
            eingehalten werden.
            </summary>
        </member>
        <member name="M:InventoryManagementSystem.validation.PhysicalInterfaceValidator.CheckConsistency(InventoryManagementSystem.components.PhysicalInterface)">
            <summary>
            Prüft die Konsistenz der Attribute der Entität 'Schnittstelle'
            </summary>
            <param name="entity">Das Objekt, welches geprüft wird</param>
            <returns>true: Objekt Konsistent, false: Objekt fehlerhaft</returns>
        </member>
        <member name="T:InventoryManagementSystem.validation.ProcessorValidator">
            <summary>
            Validator-Klasse der Entität 'Prozessor'.
            Legt die Regeln für die Validierung fest und überprüft mittels regulärer Ausdrückes, ob diese
            eingehalten werden.
            </summary>
        </member>
        <member name="M:InventoryManagementSystem.validation.ProcessorValidator.CheckConsistency(InventoryManagementSystem.components.Processor)">
            <summary>
            Prüft die Konsistenz der Attribute der Entität 'Prozessor'
            </summary>
            <param name="entity">Das Objekt, welches geprüft wird</param>
            <returns>true: Objekt Konsistent, false: Objekt fehlerhaft</returns>
        </member>
        <member name="T:InventoryManagementSystem.validation.ProducerValidator">
            <summary>
            Validator-Klasse der Entität 'Hersteller'.
            Legt die Regeln für die Validierung fest und überprüft mittels regulärer Ausdrückes, ob diese
            eingehalten werden.
            </summary>
        </member>
        <member name="M:InventoryManagementSystem.validation.ProducerValidator.CheckConsistency(InventoryManagementSystem.components.Producer)">
            <summary>
            Prüft die Konsistenz der Attribute der Entität 'Hersteller'
            </summary>
            <param name="entity">Das Objekt, welches geprüft wird</param>
            <returns>true: Objekt Konsistent, false: Objekt fehlerhaft</returns>
        </member>
        <member name="T:InventoryManagementSystem.validation.RandomAccessMemoryValidator">
            <summary>
            Validator-Klasse der Entität 'Arbeitsspeicher'.
            Legt die Regeln für die Validierung fest und überprüft mittels regulärer Ausdrückes, ob diese
            eingehalten werden.
            </summary>
        </member>
        <member name="M:InventoryManagementSystem.validation.RandomAccessMemoryValidator.CheckConsistency(InventoryManagementSystem.components.RandomAccessMemory)">
            <summary>
            Prüft die Konsistenz der Attribute der Entität 'Arbeitsspeicher'
            </summary>
            <param name="entity">Das Objekt, welches geprüft wird</param>
            <returns>true: Objekt Konsistent, false: Objekt fehlerhaft</returns>
        </member>
        <member name="T:InventoryManagementSystem.App">
            <summary>
            Interaktionslogik für "App.xaml"
            </summary>
            <summary>
            App
            </summary>
        </member>
        <member name="M:InventoryManagementSystem.App.InitializeComponent">
            <summary>
            InitializeComponent
            </summary>
        </member>
        <member name="M:InventoryManagementSystem.App.Main">
            <summary>
            Application Entry Point.
            </summary>
        </member>
        <member name="T:InventoryManagementSystem.Properties.Resources">
            <summary>
              Eine stark typisierte Ressourcenklasse zum Suchen von lokalisierten Zeichenfolgen usw.
            </summary>
        </member>
        <member name="P:InventoryManagementSystem.Properties.Resources.ResourceManager">
            <summary>
              Gibt die zwischengespeicherte ResourceManager-Instanz zurück, die von dieser Klasse verwendet wird.
            </summary>
        </member>
        <member name="P:InventoryManagementSystem.Properties.Resources.Culture">
            <summary>
              Überschreibt die CurrentUICulture-Eigenschaft des aktuellen Threads für alle
              Ressourcenzuordnungen, die diese stark typisierte Ressourcenklasse verwenden.
            </summary>
        </member>
        <member name="P:InventoryManagementSystem.Properties.Resources.config">
            <summary>
              Sucht eine lokalisierte Ressource vom Typ System.Drawing.Bitmap.
            </summary>
        </member>
        <member name="P:InventoryManagementSystem.Properties.Resources.Icon1">
            <summary>
              Sucht eine lokalisierte Ressource vom Typ System.Drawing.Icon ähnlich wie (Symbol).
            </summary>
        </member>
    </members>
</doc>
